source_feature,target_feature,correlation,abs_correlation
original_shape_MinorAxisLength,Size_mm,0.7707132820909636,0.7707132820909636
original_shape_Maximum2DDiameterSlice,Size_mm,0.759611937158326,0.759611937158326
original_shape_Maximum2DDiameterRow,Size_mm,0.7571614155337493,0.7571614155337493
original_shape_LeastAxisLength,Size_mm,0.7540833354136012,0.7540833354136012
original_shape_MajorAxisLength,Size_mm,0.7511299657218937,0.7511299657218937
original_shape_Maximum2DDiameterColumn,Size_mm,0.7497392554895862,0.7497392554895862
original_shape_Maximum3DDiameter,Size_mm,0.7495975390936309,0.7495975390936309
original_shape_SurfaceArea,Size_mm,0.7429538744512487,0.7429538744512487
original_shape_SurfaceVolumeRatio,Size_mm,-0.7422849730623399,0.7422849730623399
original_shape_MeshVolume,Size_mm,0.735405114426699,0.735405114426699
original_shape_VoxelVolume,Size_mm,0.735405114426699,0.735405114426699
original_shape_Sphericity,Size_mm,-0.505253908291477,0.505253908291477
original_shape_Sphericity,Shape,-0.48069167530552387,0.48069167530552387
original_shape_SurfaceVolumeRatio,APHE_heterogeneous,-0.4351596710590404,0.4351596710590404
original_shape_MinorAxisLength,Necrosis,0.4264895302525274,0.4264895302525274
original_shape_SurfaceVolumeRatio,Necrosis,-0.4220565511593873,0.4220565511593873
original_shape_LeastAxisLength,Necrosis,0.41282117804867857,0.41282117804867857
original_shape_Maximum2DDiameterSlice,Necrosis,0.4124521527249579,0.4124521527249579
original_shape_MeshVolume,Necrosis,0.41097410342653673,0.41097410342653673
original_shape_VoxelVolume,Necrosis,0.41097410342653673,0.41097410342653673
original_shape_Maximum2DDiameterRow,Necrosis,0.40801878403111,0.40801878403111
original_shape_SurfaceArea,Necrosis,0.3958280915249745,0.3958280915249745
original_shape_MajorAxisLength,Necrosis,0.3939810169028328,0.3939810169028328
original_shape_Maximum3DDiameter,Necrosis,0.3895480378096926,0.3895480378096926
original_shape_Maximum2DDiameterColumn,Necrosis,0.38548447364098076,0.38548447364098076
original_shape_LeastAxisLength,APHE_heterogeneous,0.3584925985775611,0.3584925985775611
original_shape_Maximum2DDiameterRow,APHE_heterogeneous,0.3575054688889584,0.3575054688889584
original_shape_MinorAxisLength,APHE_heterogeneous,0.3532279069050132,0.3532279069050132
original_shape_Maximum2DDiameterSlice,APHE_heterogeneous,0.34631832621574504,0.34631832621574504
original_shape_Maximum3DDiameter,Shape,0.3448190910396352,0.3448190910396352
original_shape_Maximum2DDiameterColumn,Shape,0.34068788594251315,0.34068788594251315
original_shape_MajorAxisLength,APHE_heterogeneous,0.3394080912645749,0.3394080912645749
original_shape_Maximum2DDiameterColumn,APHE_heterogeneous,0.32887870791947904,0.32887870791947904
original_shape_MajorAxisLength,Shape,0.3266517183992115,0.3266517183992115
original_shape_Maximum3DDiameter,APHE_heterogeneous,0.32558827562413656,0.32558827562413656
original_shape_SurfaceArea,APHE_heterogeneous,0.32131071364019137,0.32131071364019137
original_shape_Flatness,Shape,-0.3144235995564029,0.3144235995564029
original_shape_Maximum2DDiameterSlice,Shape,0.31387155164119485,0.31387155164119485
original_shape_MeshVolume,APHE_heterogeneous,0.3104522870655612,0.3104522870655612
original_shape_VoxelVolume,APHE_heterogeneous,0.3104522870655612,0.3104522870655612
original_shape_Maximum2DDiameterRow,Shape,0.3069824654881264,0.3069824654881264
original_shape_SurfaceArea,Shape,0.29908414748070916,0.29908414748070916
original_shape_MinorAxisLength,Shape,0.29821942853699507,0.29821942853699507
original_shape_MeshVolume,Shape,0.2793300776397383,0.2793300776397383
original_shape_VoxelVolume,Shape,0.2793300776397383,0.2793300776397383
original_shape_LeastAxisLength,Shape,0.2615392094197833,0.2615392094197833
Delta_Ligne_1_0,Size_mm,-0.23812290523983032,0.23812290523983032
original_shape_Sphericity,APHE_heterogeneous,-0.23575947396128735,0.23575947396128735
original_shape_Elongation,Shape,-0.22317920134971062,0.22317920134971062
Delta_Ligne_1_0,Necrosis,-0.22100586611812706,0.22100586611812706
original_shape_SurfaceVolumeRatio,Shape,-0.2106862881892097,0.2106862881892097
Delta_Ligne_1_0,Shape,-0.1950827274932438,0.1950827274932438
Ligne_Bloc_0,nonrim_APHE,-0.16621078134768777,0.16621078134768777
Delta_Ligne_2_1,APHE_heterogeneous,-0.14869296147865144,0.14869296147865144
original_shape_Sphericity,Necrosis,-0.14056237874498628,0.14056237874498628
original_shape_SurfaceVolumeRatio,Nonperiph_washout,-0.12169310568165763,0.12169310568165763
Delta_Ligne_2_1,Size_mm,-0.10696745254205613,0.10696745254205613
Ligne_Bloc_1,Necrosis,-0.10056149271464951,0.10056149271464951
Ligne_Bloc_0,Nonperiph_washout,-0.09728573137827431,0.09728573137827431
Ligne_Bloc_1,nonrim_APHE,-0.09727395291562205,0.09727395291562205
original_shape_Flatness,APHE_heterogeneous,0.09459992849109577,0.09459992849109577
Delta_Ligne_1_0,nonrim_APHE,0.09335448961132957,0.09335448961132957
Delta_Ligne_2_1,Shape,-0.08713062302369498,0.08713062302369498
original_shape_Flatness,Nonperiph_washout,0.08216003462688186,0.08216003462688186
Ligne_Bloc_2,Necrosis,-0.0769631444084484,0.0769631444084484
original_shape_MeshVolume,nonrim_APHE,-0.07648789834510968,0.07648789834510968
original_shape_VoxelVolume,nonrim_APHE,-0.07648789834510968,0.07648789834510968
original_shape_Flatness,Size_mm,-0.07561892410574962,0.07561892410574962
original_shape_Sphericity,Nonperiph_washout,0.07219082540437317,0.07219082540437317
Ligne_Bloc_1,Size_mm,-0.07200583860620187,0.07200583860620187
original_shape_Elongation,Nonperiph_washout,0.06944069872230181,0.06944069872230181
original_shape_Sphericity,nonrim_APHE,0.0682375182988956,0.0682375182988956
original_shape_Elongation,APHE_heterogeneous,0.06728934043975333,0.06728934043975333
original_shape_Elongation,nonrim_APHE,-0.06273726493475289,0.06273726493475289
Ligne_Bloc_2,Size_mm,-0.0623683464843106,0.0623683464843106
original_shape_SurfaceArea,nonrim_APHE,-0.06101843575845828,0.06101843575845828
Delta_Ligne_2_1,nonrim_APHE,0.058874690100904105,0.058874690100904105
Ligne_Bloc_2,nonrim_APHE,-0.05239656886002792,0.05239656886002792
Ligne_Bloc_1,APHE_heterogeneous,0.05226406770645887,0.05226406770645887
Ligne_Bloc_0,APHE_heterogeneous,0.048533876356301305,0.048533876356301305
original_shape_MinorAxisLength,nonrim_APHE,-0.0476115681833604,0.0476115681833604
Ligne_Bloc_2,Shape,-0.0460160622777184,0.0460160622777184
Ligne_Bloc_0,Size_mm,0.04570542724751496,0.04570542724751496
Ligne_Bloc_1,Shape,-0.04267242653356151,0.04267242653356151
original_shape_Flatness,Necrosis,-0.04082034914933242,0.04082034914933242
original_shape_Maximum2DDiameterSlice,nonrim_APHE,-0.04039252379754479,0.04039252379754479
Ligne_Bloc_0,Shape,0.03985878528232352,0.03985878528232352
original_shape_LeastAxisLength,Nonperiph_washout,0.03884553938425794,0.03884553938425794
original_shape_Maximum2DDiameterRow,Nonperiph_washout,0.03884553938425794,0.03884553938425794
original_shape_LeastAxisLength,nonrim_APHE,-0.03661106145507497,0.03661106145507497
Delta_Ligne_1_0,Nonperiph_washout,0.03331543808648594,0.03331543808648594
original_shape_Maximum3DDiameter,Nonperiph_washout,0.03128269100856171,0.03128269100856171
original_shape_Maximum2DDiameterRow,nonrim_APHE,-0.030079510585155487,0.030079510585155487
Ligne_Bloc_1,Nonperiph_washout,-0.02939597478219347,0.02939597478219347
original_shape_MajorAxisLength,Nonperiph_washout,0.028876330161749272,0.028876330161749272
original_shape_Maximum2DDiameterColumn,Nonperiph_washout,0.02750126682071359,0.02750126682071359
original_shape_MinorAxisLength,Nonperiph_washout,0.02715750098545467,0.02715750098545467
original_shape_MajorAxisLength,nonrim_APHE,-0.024923023056271695,0.024923023056271695
Delta_Ligne_2_1,Nonperiph_washout,0.024769287097467747,0.024769287097467747
original_shape_Maximum2DDiameterColumn,nonrim_APHE,-0.02389172555049493,0.02389172555049493
original_shape_Maximum2DDiameterSlice,Nonperiph_washout,0.023204215798589556,0.023204215798589556
Delta_Ligne_1_0,APHE_heterogeneous,-0.022105130275846534,0.022105130275846534
original_shape_Elongation,Necrosis,0.021980188003486688,0.021980188003486688
original_shape_Maximum3DDiameter,nonrim_APHE,-0.020454067197905733,0.020454067197905733
Ligne_Bloc_2,Nonperiph_washout,-0.019815429677974193,0.019815429677974193
Ligne_Bloc_2,APHE_heterogeneous,-0.019251246553956106,0.019251246553956106
Delta_Ligne_2_1,Necrosis,0.017311493186724165,0.017311493186724165
Ligne_Bloc_0,Necrosis,0.012744814892777994,0.012744814892777994
original_shape_MeshVolume,Nonperiph_washout,-0.012031804234062199,0.012031804234062199
original_shape_VoxelVolume,Nonperiph_washout,-0.012031804234062199,0.012031804234062199
original_shape_SurfaceVolumeRatio,nonrim_APHE,-0.007734731293325697,0.007734731293325697
original_shape_Flatness,nonrim_APHE,-0.006015902117031099,0.006015902117031099
original_shape_Elongation,Size_mm,0.004630347043844612,0.004630347043844612
original_shape_SurfaceArea,Nonperiph_washout,-0.0006875316705178398,0.0006875316705178398
